Date,Open,High,Low,Close,Volume,Adj Close
2018-05-02,0,0,0,313.3599853515625,0,0
2018-05-03,0,0,0,311.69000244140625,0,0
2018-05-04,0,0,0,320.0899963378906,0,0
2018-05-07,0,0,0,326.260009765625,0,0
2018-05-08,0,0,0,326.8900146484375,0,0
2018-05-09,0,0,0,330.29998779296875,0,0
2018-05-10,0,0,0,329.6000061035156,0,0
2018-05-11,0,0,0,326.4599914550781,0,0
2018-05-14,0,0,0,328.5299987792969,0,0
2018-05-15,0,0,0,326.1300048828125,0,0
2018-05-16,0,0,0,328.19000244140625,0,0
2018-05-17,0,0,0,325.2200012207031,0,0
2018-05-18,0,0,0,324.17999267578125,0,0
2018-05-21,0,0,0,331.82000732421875,0,0
2018-05-22,0,0,0,331.6199951171875,0,0
2018-05-23,0,0,0,344.7200012207031,0,0
2018-05-24,0,0,0,349.2900085449219,0,0
2018-05-25,0,0,0,351.2900085449219,0,0
2018-05-29,0,0,0,349.7300109863281,0,0
2018-05-30,0,0,0,353.5400085449219,0,0
2018-05-31,0,0,0,351.6000061035156,0,0
2018-06-01,0,0,0,359.92999267578125,0,0
2018-06-04,0,0,0,361.80999755859375,0,0
2018-06-05,0,0,0,365.79998779296875,0,0
2018-06-06,0,0,0,367.45001220703125,0,0
2018-06-07,0,0,0,361.3999938964844,0,0
2018-06-08,0,0,0,360.57000732421875,0,0
2018-06-11,0,0,0,361.45001220703125,0,0
2018-06-12,0,0,0,363.8299865722656,0,0
2018-06-13,0,0,0,379.92999267578125,0,0
2018-06-14,0,0,0,392.8699951171875,0,0
2018-06-15,0,0,0,391.9800109863281,0,0
2018-06-18,0,0,0,390.3999938964844,0,0
2018-06-19,0,0,0,404.9800109863281,0,0
2018-06-20,0,0,0,416.760009765625,0,0
2018-06-21,0,0,0,415.44000244140625,0,0
2018-06-22,0,0,0,411.0899963378906,0,0
2018-06-25,0,0,0,384.4800109863281,0,0
2018-06-26,0,0,0,399.3900146484375,0,0
2018-06-27,0,0,0,390.3900146484375,0,0
2018-06-28,0,0,0,395.4200134277344,0,0
2018-06-29,0,0,0,391.42999267578125,0,0
2018-07-02,0,0,0,398.17999267578125,0,0
2018-07-03,0,0,0,390.5199890136719,0,0
2018-07-05,0,0,0,398.3900146484375,0,0
2018-07-06,0,0,0,408.25,0,0
2018-07-09,0,0,0,418.9700012207031,0,0
2018-07-10,0,0,0,415.6300048828125,0,0
2018-07-11,0,0,0,418.6499938964844,0,0
2018-07-12,0,0,0,413.5,0,0
2018-07-13,0,0,0,395.79998779296875,0,0
2018-07-16,0,0,0,400.4800109863281,0,0
2018-07-17,0,0,0,379.4800109863281,0,0
2018-07-18,0,0,0,375.1300048828125,0,0
2018-07-19,0,0,0,364.2300109863281,0,0
2018-07-20,0,0,0,361.04998779296875,0,0
2018-07-23,0,0,0,362.6600036621094,0,0
2018-07-24,0,0,0,357.32000732421875,0,0
2018-07-25,0,0,0,362.8699951171875,0,0
2018-07-26,0,0,0,363.0899963378906,0,0
2018-07-27,0,0,0,355.2099914550781,0,0
2018-07-30,0,0,0,334.9599914550781,0,0
2018-07-31,0,0,0,337.45001220703125,0,0
2018-08-01,0,0,0,338.3800048828125,0,0
2018-08-02,0,0,0,344.5,0,0
2018-08-03,0,0,0,343.0899963378906,0,0
2018-08-06,0,0,0,350.9200134277344,0,0
2018-08-07,0,0,0,351.8299865722656,0,0
2018-08-08,0,0,0,347.6099853515625,0,0
2018-08-09,0,0,0,349.3599853515625,0,0
2018-08-10,0,0,0,345.8699951171875,0,0
2018-08-13,0,0,0,341.30999755859375,0,0
2018-08-14,0,0,0,337.489990234375,0,0
2018-08-15,0,0,0,326.3999938964844,0,0
2018-08-16,0,0,0,322.44000244140625,0,0
2018-08-17,0,0,0,316.7799987792969,0,0
2018-08-20,0,0,0,327.7300109863281,0,0
2018-08-21,0,0,0,338.0199890136719,0,0
2018-08-22,0,0,0,344.44000244140625,0,0
2018-08-23,0,0,0,339.1700134277344,0,0
2018-08-24,0,0,0,358.82000732421875,0,0
2018-08-27,0,0,0,364.5799865722656,0,0
2018-08-28,0,0,0,368.489990234375,0,0
2018-08-29,0,0,0,368.0400085449219,0,0
2018-08-30,0,0,0,370.9800109863281,0,0
2018-08-31,0,0,0,367.67999267578125,0,0
2018-09-04,0,0,0,363.6000061035156,0,0
2018-09-05,0,0,0,341.17999267578125,0,0
2018-09-06,0,0,0,346.4599914550781,0,0
2018-09-07,0,0,0,348.67999267578125,0,0
2018-09-10,0,0,0,348.4100036621094,0,0
2018-09-11,0,0,0,355.92999267578125,0,0
2018-09-12,0,0,0,369.95001220703125,0,0
2018-09-13,0,0,0,368.1499938964844,0,0
2018-09-14,0,0,0,364.55999755859375,0,0
2018-09-17,0,0,0,350.3500061035156,0,0
2018-09-18,0,0,0,367.6499938964844,0,0
2018-09-19,0,0,0,366.9599914550781,0,0
2018-09-20,0,0,0,365.3599853515625,0,0
2018-09-21,0,0,0,361.19000244140625,0,0
2018-09-24,0,0,0,369.6099853515625,0,0
2018-09-25,0,0,0,369.42999267578125,0,0
2018-09-26,0,0,0,377.8800048828125,0,0
2018-09-27,0,0,0,380.7099914550781,0,0
2018-09-28,0,0,0,374.1300048828125,0,0
2018-10-01,0,0,0,381.42999267578125,0,0
2018-10-02,0,0,0,377.1400146484375,0,0
2018-10-03,0,0,0,377.04998779296875,0,0
2018-10-04,0,0,0,363.6499938964844,0,0
2018-10-05,0,0,0,351.3500061035156,0,0
2018-10-08,0,0,0,349.1000061035156,0,0
2018-10-09,0,0,0,355.7099914550781,0,0
2018-10-10,0,0,0,325.8900146484375,0,0
2018-10-11,0,0,0,321.1000061035156,0,0
2018-10-12,0,0,0,339.55999755859375,0,0
2018-10-15,0,0,0,333.1300048828125,0,0
2018-10-16,0,0,0,346.3999938964844,0,0
2018-10-17,0,0,0,364.70001220703125,0,0
2018-10-18,0,0,0,346.7099914550781,0,0
2018-10-19,0,0,0,332.6700134277344,0,0
2018-10-22,0,0,0,329.5400085449219,0,0
2018-10-23,0,0,0,333.1600036621094,0,0
2018-10-24,0,0,0,301.8299865722656,0,0
2018-10-25,0,0,0,312.8699951171875,0,0
2018-10-26,0,0,0,299.8299865722656,0,0
2018-10-29,0,0,0,284.8399963378906,0,0
2018-10-30,0,0,0,285.80999755859375,0,0
2018-10-31,0,0,0,301.7799987792969,0,0
2018-11-01,0,0,0,317.3800048828125,0,0
2018-11-02,0,0,0,309.1000061035156,0,0
2018-11-05,0,0,0,315.44000244140625,0,0
2018-11-06,0,0,0,310.8399963378906,0,0
2018-11-07,0,0,0,327.5,0,0
2018-11-08,0,0,0,317.9200134277344,0,0
2018-11-09,0,0,0,303.4700012207031,0,0
2018-11-12,0,0,0,294.07000732421875,0,0
2018-11-13,0,0,0,294.3999938964844,0,0
2018-11-14,0,0,0,286.7300109863281,0,0
2018-11-15,0,0,0,290.05999755859375,0,0
2018-11-16,0,0,0,286.2099914550781,0,0
2018-11-19,0,0,0,270.6000061035156,0,0
2018-11-20,0,0,0,266.9800109863281,0,0
2018-11-21,0,0,0,262.1300048828125,0,0
2018-11-23,0,0,0,258.82000732421875,0,0
2018-11-26,0,0,0,261.42999267578125,0,0
2018-11-27,0,0,0,266.6300048828125,0,0
2018-11-28,0,0,0,282.6499938964844,0,0
2018-11-29,0,0,0,288.75,0,0
2018-11-30,0,0,0,286.1300048828125,0,0
2018-12-03,0,0,0,290.29998779296875,0,0
2018-12-04,0,0,0,275.3299865722656,0,0
2018-12-06,0,0,0,282.8800048828125,0,0
2018-12-07,0,0,0,265.1400146484375,0,0
2018-12-10,0,0,0,269.70001220703125,0,0
2018-12-11,0,0,0,265.32000732421875,0,0
2018-12-12,0,0,0,274.8800048828125,0,0
2018-12-13,0,0,0,276.0199890136719,0,0
2018-12-14,0,0,0,266.8399963378906,0,0
2018-12-17,0,0,0,262.79998779296875,0,0
2018-12-18,0,0,0,270.94000244140625,0,0
2018-12-19,0,0,0,266.7699890136719,0,0
2018-12-20,0,0,0,260.5799865722656,0,0
2018-12-21,0,0,0,246.38999938964844,0,0
2018-12-24,0,0,0,233.8800048828125,0,0
2018-12-26,0,0,0,253.6699981689453,0,0
2018-12-27,0,0,0,255.57000732421875,0,0
2018-12-28,0,0,0,256.0799865722656,0,0
2018-12-31,0,0,0,267.6600036621094,0,0
2019-01-02,0,0,0,267.6600036621094,0,0
2019-01-03,0,0,0,271.20001220703125,0,0
2019-01-04,0,0,0,297.57000732421875,0,0
2019-01-07,0,0,0,315.3399963378906,0,0
2019-01-08,0,0,0,320.2699890136719,0,0
2019-01-09,0,0,0,319.9599914550781,0,0
2019-01-10,0,0,0,324.6600036621094,0,0
2019-01-11,0,0,0,337.5899963378906,0,0
2019-01-14,0,0,0,332.94000244140625,0,0
2019-01-15,0,0,0,354.6400146484375,0,0
2019-01-16,0,0,0,351.3900146484375,0,0
2019-01-17,0,0,0,353.19000244140625,0,0
2019-01-18,0,0,0,339.1000061035156,0,0
2019-01-22,0,0,0,325.1600036621094,0,0
2019-01-23,0,0,0,321.989990234375,0,0
2019-01-24,0,0,0,326.6700134277344,0,0
2019-01-25,0,0,0,338.04998779296875,0,0
2019-01-28,0,0,0,335.6600036621094,0,0
2019-01-29,0,0,0,328.8999938964844,0,0
2019-01-30,0,0,0,340.6600036621094,0,0
2019-01-31,0,0,0,339.5,0,0
2019-02-01,0,0,0,339.8500061035156,0,0
2019-02-04,0,0,0,351.3399963378906,0,0
2019-02-05,0,0,0,355.80999755859375,0,0
2019-02-06,0,0,0,352.19000244140625,0,0
2019-02-07,0,0,0,344.7099914550781,0,0
2019-02-08,0,0,0,347.57000732421875,0,0
2019-02-11,0,0,0,345.7300109863281,0,0
2019-02-12,0,0,0,359.9700012207031,0,0
2019-02-13,0,0,0,351.7699890136719,0,0
2019-02-14,0,0,0,359.07000732421875,0,0
2019-02-15,0,0,0,356.8699951171875,0,0
2019-02-19,0,0,0,361.9200134277344,0,0
2019-02-20,0,0,0,359.9100036621094,0,0
2019-02-21,0,0,0,356.9700012207031,0,0
2019-02-22,0,0,0,363.0199890136719,0,0
2019-02-25,0,0,0,363.9100036621094,0,0
2019-02-26,0,0,0,364.9700012207031,0,0
2019-02-27,0,0,0,362.8699951171875,0,0
2019-02-28,0,0,0,358.1000061035156,0,0
2019-03-01,0,0,0,357.32000732421875,0,0
2019-03-04,0,0,0,351.0400085449219,0,0
2019-03-05,0,0,0,354.29998779296875,0,0
2019-03-06,0,0,0,359.6099853515625,0,0
2019-03-07,0,0,0,352.6000061035156,0,0
2019-03-08,0,0,0,349.6000061035156,0,0
2019-03-11,0,0,0,358.8599853515625,0,0
2019-03-12,0,0,0,356.2699890136719,0,0
2019-03-13,0,0,0,361.2099914550781,0,0
2019-03-14,0,0,0,358.82000732421875,0,0
2019-03-15,0,0,0,361.4599914550781,0,0
2019-03-18,0,0,0,363.44000244140625,0,0
2019-03-19,0,0,0,358.7799987792969,0,0
2019-03-20,0,0,0,375.2200012207031,0,0
2019-03-21,0,0,0,377.8699951171875,0,0
2019-03-22,0,0,0,361.010009765625,0,0
2019-03-25,0,0,0,366.2300109863281,0,0
2019-03-26,0,0,0,359.9700012207031,0,0
2019-03-27,0,0,0,353.3699951171875,0,0
2019-03-28,0,0,0,354.6099853515625,0,0
2019-03-29,0,0,0,356.55999755859375,0,0
2019-04-01,0,0,0,366.9599914550781,0,0
2019-04-02,0,0,0,367.7200012207031,0,0
2019-04-03,0,0,0,369.75,0,0
2019-04-04,0,0,0,367.8800048828125,0,0
2019-04-05,0,0,0,365.489990234375,0,0
2019-04-08,0,0,0,361.4100036621094,0,0
2019-04-09,0,0,0,364.7099914550781,0,0
2019-04-10,0,0,0,363.9200134277344,0,0
2019-04-11,0,0,0,367.6499938964844,0,0
2019-04-12,0,0,0,351.1400146484375,0,0
2019-04-15,0,0,0,348.8699951171875,0,0
2019-04-16,0,0,0,359.4599914550781,0,0
2019-04-17,0,0,0,354.739990234375,0,0
2019-04-18,0,0,0,360.3500061035156,0,0
2019-04-22,0,0,0,377.3399963378906,0,0
2019-04-23,0,0,0,381.8900146484375,0,0
2019-04-24,0,0,0,374.2300109863281,0,0
2019-04-25,0,0,0,368.3299865722656,0,0
2019-04-26,0,0,0,374.8500061035156,0,0
2019-04-29,0,0,0,371.8299865722656,0,0
2019-04-30,0,0,0,370.5400085449219,0,0
2019-05-01,0,0,0,378.80999755859375,0,0
2019-05-02,0,0,0,379.05999755859375,0,0
2019-05-03,0,0,0,385.0299987792969,0,0
2019-05-06,0,0,0,378.6700134277344,0,0
2019-05-07,0,0,0,370.4599914550781,0,0
2019-05-08,0,0,0,364.3699951171875,0,0
2019-05-09,0,0,0,362.75,0,0
2019-05-10,0,0,0,361.0400085449219,0,0
2019-05-13,0,0,0,345.260009765625,0,0
2019-05-14,0,0,0,345.6099853515625,0,0
2019-05-15,0,0,0,354.989990234375,0,0
2019-05-16,0,0,0,359.30999755859375,0,0
2019-05-17,0,0,0,354.45001220703125,0,0
2019-05-20,0,0,0,348.1099853515625,0,0
2019-05-21,0,0,0,354.2699890136719,0,0
2019-05-22,0,0,0,359.7300109863281,0,0
2019-05-23,0,0,0,352.2099914550781,0,0
2019-05-24,0,0,0,354.3900146484375,0,0
2019-05-28,0,0,0,355.05999755859375,0,0
2019-05-29,0,0,0,349.19000244140625,0,0
2019-05-30,0,0,0,351.8500061035156,0,0
2019-05-31,0,0,0,343.2799987792969,0,0
2019-06-03,0,0,0,336.6300048828125,0,0
2019-06-04,0,0,0,353.3999938964844,0,0
2019-06-05,0,0,0,355.7300109863281,0,0
2019-06-06,0,0,0,357.1300048828125,0,0
2019-06-07,0,0,0,360.8699951171875,0,0
2019-06-10,0,0,0,352.010009765625,0,0
2019-06-11,0,0,0,351.2699890136719,0,0
2019-06-12,0,0,0,345.55999755859375,0,0
2019-06-13,0,0,0,343.42999267578125,0,0
2019-06-14,0,0,0,339.7300109863281,0,0
2019-06-17,0,0,0,350.6199951171875,0,0
2019-06-18,0,0,0,357.1199951171875,0,0
2019-06-19,0,0,0,363.5199890136719,0,0
2019-06-20,0,0,0,365.2099914550781,0,0
2019-06-21,0,0,0,369.2099914550781,0,0
2019-06-24,0,0,0,371.0400085449219,0,0
2019-06-25,0,0,0,360.29998779296875,0,0
2019-06-26,0,0,0,362.20001220703125,0,0
2019-06-27,0,0,0,370.0199890136719,0,0
2019-06-28,0,0,0,367.32000732421875,0,0
2019-07-01,0,0,0,374.6000061035156,0,0
2019-07-02,0,0,0,375.42999267578125,0,0
2019-07-03,0,0,0,381.7200012207031,0,0
2019-07-05,0,0,0,380.54998779296875,0,0
2019-07-08,0,0,0,376.1600036621094,0,0
2019-07-09,0,0,0,379.92999267578125,0,0
2019-07-10,0,0,0,381.0,0,0
2019-07-11,0,0,0,379.5,0,0
2019-07-12,0,0,0,373.25,0,0
2019-07-15,0,0,0,366.6000061035156,0,0
2019-07-16,0,0,0,365.989990234375,0,0
2019-07-17,0,0,0,362.44000244140625,0,0
2019-07-18,0,0,0,325.2099914550781,0,0
2019-07-19,0,0,0,315.1000061035156,0,0
2019-07-22,0,0,0,310.6199951171875,0,0
2019-07-23,0,0,0,307.29998779296875,0,0
2019-07-24,0,0,0,317.94000244140625,0,0
2019-07-25,0,0,0,326.4599914550781,0,0
2019-07-26,0,0,0,335.7799987792969,0,0
2019-07-29,0,0,0,332.70001220703125,0,0
2019-07-30,0,0,0,325.92999267578125,0,0
2019-07-31,0,0,0,322.989990234375,0,0
2019-08-01,0,0,0,319.5,0,0
2019-08-02,0,0,0,318.8299865722656,0,0
2019-08-05,0,0,0,307.6300048828125,0,0
2019-08-06,0,0,0,310.1000061035156,0,0
2019-08-07,0,0,0,304.2900085449219,0,0
2019-08-08,0,0,0,315.8999938964844,0,0
2019-08-09,0,0,0,308.92999267578125,0,0
2019-08-12,0,0,0,310.8299865722656,0,0
2019-08-13,0,0,0,312.2799987792969,0,0
2019-08-14,0,0,0,299.1099853515625,0,0
2019-08-15,0,0,0,295.760009765625,0,0
2019-08-16,0,0,0,302.79998779296875,0,0
2019-08-19,0,0,0,309.3800048828125,0,0
2019-08-20,0,0,0,298.989990234375,0,0
2019-08-21,0,0,0,297.80999755859375,0,0
2019-08-22,0,0,0,296.92999267578125,0,0
2019-08-23,0,0,0,291.44000244140625,0,0
2019-08-26,0,0,0,294.9800109863281,0,0
2019-08-27,0,0,0,291.0299987792969,0,0
2019-08-28,0,0,0,291.7699890136719,0,0
2019-08-29,0,0,0,296.7799987792969,0,0
2019-08-30,0,0,0,293.75,0,0
2019-09-03,0,0,0,289.2900085449219,0,0
2019-09-04,0,0,0,291.5199890136719,0,0
2019-09-05,0,0,0,293.25,0,0
2019-09-06,0,0,0,290.1700134277344,0,0
2019-09-09,0,0,0,294.3399963378906,0,0
2019-09-10,0,0,0,287.989990234375,0,0
2019-09-11,0,0,0,288.2699890136719,0,0
2019-09-12,0,0,0,288.8599853515625,0,0
2019-09-13,0,0,0,294.1499938964844,0,0
2019-09-16,0,0,0,294.2900085449219,0,0
2019-09-17,0,0,0,298.6000061035156,0,0
2019-09-18,0,0,0,291.55999755859375,0,0
2019-09-19,0,0,0,286.6000061035156,0,0
2019-09-20,0,0,0,270.75,0,0
2019-09-23,0,0,0,265.9200134277344,0,0
2019-09-24,0,0,0,254.58999633789062,0,0
2019-09-25,0,0,0,264.75,0,0
2019-09-26,0,0,0,263.30999755859375,0,0
2019-09-27,0,0,0,263.0799865722656,0,0
2019-09-30,0,0,0,267.6199951171875,0,0
2019-10-01,0,0,0,269.5799865722656,0,0
2019-10-02,0,0,0,268.0299987792969,0,0
2019-10-03,0,0,0,268.1499938964844,0,0
2019-10-04,0,0,0,272.7900085449219,0,0
2019-10-07,0,0,0,274.4599914550781,0,0
2019-10-08,0,0,0,270.7200012207031,0,0
2019-10-09,0,0,0,267.5299987792969,0,0
2019-10-10,0,0,0,280.4800109863281,0,0
2019-10-11,0,0,0,282.92999267578125,0,0
2019-10-14,0,0,0,285.5299987792969,0,0
2019-10-15,0,0,0,284.25,0,0
2019-10-16,0,0,0,286.2799987792969,0,0
2019-10-17,0,0,0,293.3500061035156,0,0
2019-10-18,0,0,0,275.29998779296875,0,0
2019-10-21,0,0,0,278.04998779296875,0,0
2019-10-22,0,0,0,266.69000244140625,0,0
2019-10-23,0,0,0,271.2699890136719,0,0
2019-10-24,0,0,0,271.5,0,0
2019-10-25,0,0,0,276.82000732421875,0,0
2019-10-28,0,0,0,281.8599853515625,0,0
2019-10-29,0,0,0,281.2099914550781,0,0
2019-10-30,0,0,0,291.45001220703125,0,0
2019-10-31,0,0,0,287.4100036621094,0,0
2019-11-01,0,0,0,286.80999755859375,0,0
2019-11-04,0,0,0,292.8599853515625,0,0
2019-11-05,0,0,0,288.0299987792969,0,0
2019-11-06,0,0,0,288.5899963378906,0,0
2019-11-07,0,0,0,289.57000732421875,0,0
2019-11-08,0,0,0,291.57000732421875,0,0
2019-11-11,0,0,0,294.17999267578125,0,0
2019-11-12,0,0,0,292.010009765625,0,0
2019-11-13,0,0,0,283.1099853515625,0,0
2019-11-14,0,0,0,289.6199951171875,0,0
2019-11-15,0,0,0,295.0299987792969,0,0
2019-11-18,0,0,0,302.57000732421875,0,0
2019-11-19,0,0,0,302.6000061035156,0,0
2019-11-20,0,0,0,305.1600036621094,0,0
2019-11-21,0,0,0,311.69000244140625,0,0
2019-11-22,0,0,0,310.4800109863281,0,0
2019-11-25,0,0,0,315.54998779296875,0,0
2019-11-26,0,0,0,312.489990234375,0,0
2019-11-27,0,0,0,315.92999267578125,0,0
2019-11-29,0,0,0,314.6600036621094,0,0
2019-12-02,0,0,0,309.989990234375,0,0
2019-12-03,0,0,0,306.1600036621094,0,0
2019-12-04,0,0,0,304.32000732421875,0,0
2019-12-05,0,0,0,302.8599853515625,0,0
2019-12-06,0,0,0,307.3500061035156,0,0
2019-12-09,0,0,0,302.5,0,0
2019-12-10,0,0,0,293.1199951171875,0,0
2019-12-11,0,0,0,298.92999267578125,0,0
2019-12-12,0,0,0,298.44000244140625,0,0
2019-12-13,0,0,0,298.5,0,0
2019-12-16,0,0,0,304.2099914550781,0,0
2019-12-17,0,0,0,315.4800109863281,0,0
2019-12-18,0,0,0,320.79998779296875,0,0
2019-12-19,0,0,0,332.2200012207031,0,0
2019-12-20,0,0,0,336.8999938964844,0,0
2019-12-23,0,0,0,333.1000061035156,0,0
2019-12-24,0,0,0,333.20001220703125,0,0
2019-12-26,0,0,0,332.6300048828125,0,0
2019-12-27,0,0,0,329.0899963378906,0,0
2019-12-30,0,0,0,323.30999755859375,0,0
2019-12-31,0,0,0,323.57000732421875,0,0
2020-01-02,0,0,0,329.80999755859375,0,0
2020-01-03,0,0,0,325.8999938964844,0,0
2020-01-06,0,0,0,335.8299865722656,0,0
2020-01-07,0,0,0,330.75,0,0
2020-01-08,0,0,0,339.260009765625,0,0
2020-01-09,0,0,0,335.6600036621094,0,0
2020-01-10,0,0,0,329.04998779296875,0,0
2020-01-13,0,0,0,338.9200134277344,0,0
2020-01-14,0,0,0,338.69000244140625,0,0
2020-01-15,0,0,0,339.07000732421875,0,0
2020-01-16,0,0,0,338.6199951171875,0,0
2020-01-17,0,0,0,339.6700134277344,0,0
2020-01-21,0,0,0,338.1099853515625,0,0
2020-01-22,0,0,0,326.0,0,0
2020-01-23,0,0,0,349.6000061035156,0,0
2020-01-24,0,0,0,353.1600036621094,0,0
2020-01-27,0,0,0,342.8800048828125,0,0
2020-01-28,0,0,0,348.5199890136719,0,0
2020-01-29,0,0,0,343.1600036621094,0,0
2020-01-30,0,0,0,347.739990234375,0,0
2020-01-31,0,0,0,345.0899963378906,0,0
2020-02-03,0,0,0,358.0,0,0
2020-02-04,0,0,0,369.010009765625,0,0
2020-02-05,0,0,0,369.6700134277344,0,0
2020-02-06,0,0,0,366.95001220703125,0,0
2020-02-07,0,0,0,366.7699890136719,0,0
2020-02-10,0,0,0,371.07000732421875,0,0
2020-02-11,0,0,0,373.69000244140625,0,0
2020-02-12,0,0,0,380.010009765625,0,0
2020-02-13,0,0,0,381.3999938964844,0,0
2020-02-14,0,0,0,380.3999938964844,0,0
2020-02-18,0,0,0,387.7799987792969,0,0
2020-02-19,0,0,0,386.19000244140625,0,0
2020-02-20,0,0,0,386.0,0,0
2020-02-21,0,0,0,380.07000732421875,0,0
2020-02-24,0,0,0,368.70001220703125,0,0
2020-02-25,0,0,0,360.0899963378906,0,0
2020-02-26,0,0,0,379.239990234375,0,0
2020-02-27,0,0,0,371.7099914550781,0,0
2020-02-28,0,0,0,369.0299987792969,0,0
2020-03-02,0,0,0,381.04998779296875,0,0
2020-03-03,0,0,0,368.7699890136719,0,0
2020-03-04,0,0,0,383.7900085449219,0,0
2020-03-05,0,0,0,372.7799987792969,0,0
2020-03-06,0,0,0,368.9700012207031,0,0
2020-03-09,0,0,0,346.489990234375,0,0
2020-03-10,0,0,0,364.1300048828125,0,0
2020-03-11,0,0,0,349.9200134277344,0,0
2020-03-12,0,0,0,315.25,0,0
2020-03-13,0,0,0,336.29998779296875,0,0
2020-03-16,0,0,0,298.8399963378906,0,0
2020-03-17,0,0,0,319.75,0,0
2020-03-18,0,0,0,315.4700012207031,0,0
2020-03-19,0,0,0,332.0299987792969,0,0
2020-03-20,0,0,0,332.8299865722656,0,0
2020-03-23,0,0,0,360.2699890136719,0,0
2020-03-24,0,0,0,357.32000732421875,0,0
2020-03-25,0,0,0,342.3900146484375,0,0
2020-03-26,0,0,0,362.989990234375,0,0
2020-03-27,0,0,0,357.1199951171875,0,0
2020-03-30,0,0,0,370.9599914550781,0,0
2020-03-31,0,0,0,375.5,0,0
2020-04-01,0,0,0,364.0799865722656,0,0
2020-04-02,0,0,0,370.0799865722656,0,0
2020-04-03,0,0,0,361.760009765625,0,0
2020-04-06,0,0,0,379.9599914550781,0,0
2020-04-07,0,0,0,372.2799987792969,0,0
2020-04-08,0,0,0,371.1199951171875,0,0
2020-04-09,0,0,0,370.7200012207031,0,0
2020-04-13,0,0,0,396.7200012207031,0,0
2020-04-14,0,0,0,413.54998779296875,0,0
2020-04-15,0,0,0,426.75,0,0
2020-04-16,0,0,0,439.1700134277344,0,0
2020-04-17,0,0,0,422.9599914550781,0,0
2020-04-20,0,0,0,437.489990234375,0,0
2020-04-21,0,0,0,433.8299865722656,0,0
2020-04-22,0,0,0,421.4200134277344,0,0
2020-04-23,0,0,0,426.70001220703125,0,0
2020-04-24,0,0,0,424.989990234375,0,0
2020-04-27,0,0,0,421.3800048828125,0,0
2020-04-28,0,0,0,403.8299865722656,0,0
2020-04-29,0,0,0,411.8900146484375,0,0
2020-04-30,0,0,0,419.8500061035156,0,0
2020-05-01,0,0,0,415.2699890136719,0,0
2020-05-04,0,0,0,428.1499938964844,0,0
2020-05-05,0,0,0,424.67999267578125,0,0
2020-05-06,0,0,0,434.260009765625,0,0
2020-05-07,0,0,0,436.5299987792969,0,0
2020-05-08,0,0,0,435.54998779296875,0,0
2020-05-11,0,0,0,440.5199890136719,0,0
2020-05-12,0,0,0,431.82000732421875,0,0
2020-05-13,0,0,0,438.2699890136719,0,0
2020-05-14,0,0,0,441.95001220703125,0,0
2020-05-15,0,0,0,454.19000244140625,0,0
2020-05-18,0,0,0,452.5799865722656,0,0
2020-05-19,0,0,0,451.0400085449219,0,0
2020-05-20,0,0,0,447.6700134277344,0,0
2020-05-21,0,0,0,436.25,0,0
2020-05-22,0,0,0,429.32000732421875,0,0
2020-05-26,0,0,0,414.7699890136719,0,0
2020-05-27,0,0,0,419.8900146484375,0,0
2020-05-28,0,0,0,413.44000244140625,0,0
2020-05-29,0,0,0,419.7300109863281,0,0
2020-06-01,0,0,0,425.9200134277344,0,0
2020-06-02,0,0,0,427.30999755859375,0,0
2020-06-03,0,0,0,421.9700012207031,0,0
2020-06-04,0,0,0,414.3299865722656,0,0
2020-06-05,0,0,0,419.6000061035156,0,0
2020-06-08,0,0,0,419.489990234375,0,0
2020-06-09,0,0,0,434.04998779296875,0,0
2020-06-10,0,0,0,434.4800109863281,0,0
2020-06-11,0,0,0,425.55999755859375,0,0
2020-06-12,0,0,0,418.07000732421875,0,0
2020-06-15,0,0,0,425.5,0,0
2020-06-16,0,0,0,436.1300048828125,0,0
2020-06-17,0,0,0,447.7699890136719,0,0
2020-06-18,0,0,0,449.8699951171875,0,0
2020-06-19,0,0,0,453.7200012207031,0,0
2020-06-22,0,0,0,468.0400085449219,0,0
2020-06-23,0,0,0,466.260009765625,0,0
2020-06-24,0,0,0,457.8500061035156,0,0
2020-06-25,0,0,0,465.9100036621094,0,0
2020-06-26,0,0,0,443.3999938964844,0,0
2020-06-29,0,0,0,447.239990234375,0,0
2020-06-30,0,0,0,455.0400085449219,0,0
2020-07-01,0,0,0,485.6400146484375,0,0
2020-07-02,0,0,0,476.8900146484375,0,0
2020-07-06,0,0,0,493.80999755859375,0,0
2020-07-07,0,0,0,493.1600036621094,0,0
2020-07-08,0,0,0,502.7799987792969,0,0
2020-07-09,0,0,0,507.760009765625,0,0
2020-07-10,0,0,0,548.72998046875,0,0
2020-07-13,0,0,0,525.5,0,0
2020-07-14,0,0,0,524.8800048828125,0,0
2020-07-15,0,0,0,523.260009765625,0,0
2020-07-16,0,0,0,527.3900146484375,0,0
2020-07-17,0,0,0,492.989990234375,0,0
2020-07-20,0,0,0,502.4100036621094,0,0
2020-07-21,0,0,0,490.1000061035156,0,0
2020-07-22,0,0,0,489.82000732421875,0,0
2020-07-23,0,0,0,477.5799865722656,0,0
2020-07-24,0,0,0,480.45001220703125,0,0
2020-07-27,0,0,0,495.6499938964844,0,0
2020-07-28,0,0,0,488.510009765625,0,0
2020-07-29,0,0,0,484.4800109863281,0,0
2020-07-30,0,0,0,485.79998779296875,0,0
2020-07-31,0,0,0,488.8800048828125,0,0
2020-08-03,0,0,0,498.6199951171875,0,0
2020-08-04,0,0,0,509.6400146484375,0,0
2020-08-05,0,0,0,502.1099853515625,0,0
2020-08-06,0,0,0,509.0799865722656,0,0
2020-08-07,0,0,0,494.7300109863281,0,0
2020-08-10,0,0,0,483.3800048828125,0,0
2020-08-11,0,0,0,466.92999267578125,0,0
2020-08-12,0,0,0,475.4700012207031,0,0
2020-08-13,0,0,0,481.3299865722656,0,0
2020-08-14,0,0,0,482.67999267578125,0,0
2020-08-17,0,0,0,482.3500061035156,0,0
2020-08-18,0,0,0,491.8699951171875,0,0
2020-08-19,0,0,0,484.5299987792969,0,0
2020-08-20,0,0,0,497.8999938964844,0,0
2020-08-21,0,0,0,492.30999755859375,0,0
2020-08-24,0,0,0,488.80999755859375,0,0
2020-08-25,0,0,0,490.5799865722656,0,0
2020-08-26,0,0,0,547.530029296875,0,0
2020-08-27,0,0,0,526.27001953125,0,0
2020-08-28,0,0,0,523.8900146484375,0,0
2020-08-31,0,0,0,529.5599975585938,0,0
2020-09-01,0,0,0,556.5499877929688,0,0
2020-09-02,0,0,0,552.8400268554688,0,0
2020-09-03,0,0,0,525.75,0,0
2020-09-04,0,0,0,516.0499877929688,0,0
2020-09-08,0,0,0,507.0199890136719,0,0
2020-09-09,0,0,0,500.19000244140625,0,0
2020-09-10,0,0,0,480.6700134277344,0,0
2020-09-11,0,0,0,482.0299987792969,0,0
2020-09-14,0,0,0,476.260009765625,0,0
2020-09-15,0,0,0,495.989990234375,0,0
2020-09-16,0,0,0,483.8599853515625,0,0
2020-09-17,0,0,0,470.20001220703125,0,0
2020-09-18,0,0,0,469.9599914550781,0,0
2020-09-21,0,0,0,487.3500061035156,0,0
2020-09-22,0,0,0,491.1700134277344,0,0
2020-09-23,0,0,0,470.6099853515625,0,0
2020-09-24,0,0,0,473.0799865722656,0,0
2020-09-25,0,0,0,482.8800048828125,0,0
2020-09-28,0,0,0,490.6499938964844,0,0
2020-09-29,0,0,0,493.4800109863281,0,0
2020-09-30,0,0,0,500.0299987792969,0,0
2020-10-01,0,0,0,527.510009765625,0,0
2020-10-02,0,0,0,503.05999755859375,0,0
2020-10-05,0,0,0,520.6500244140625,0,0
2020-10-06,0,0,0,505.8699951171875,0,0
2020-10-07,0,0,0,534.6599731445312,0,0
2020-10-08,0,0,0,531.7899780273438,0,0
2020-10-09,0,0,0,539.4400024414062,0,0
2020-10-12,0,0,0,539.8099975585938,0,0
2020-10-13,0,0,0,554.0900268554688,0,0
2020-10-14,0,0,0,541.4500122070312,0,0
2020-10-15,0,0,0,541.9400024414062,0,0
2020-10-16,0,0,0,530.7899780273438,0,0
2020-10-19,0,0,0,530.719970703125,0,0
2020-10-20,0,0,0,525.4199829101562,0,0
2020-10-21,0,0,0,489.04998779296875,0,0
2020-10-22,0,0,0,485.2300109863281,0,0
2020-10-23,0,0,0,488.2799987792969,0,0
2020-10-26,0,0,0,488.239990234375,0,0
2020-10-27,0,0,0,488.92999267578125,0,0
2020-10-28,0,0,0,486.239990234375,0,0
2020-10-29,0,0,0,504.2099914550781,0,0
2020-10-30,0,0,0,475.739990234375,0,0
2020-11-02,0,0,0,484.1199951171875,0,0
2020-11-03,0,0,0,487.2200012207031,0,0
2020-11-04,0,0,0,496.95001220703125,0,0
2020-11-05,0,0,0,513.760009765625,0,0
2020-11-06,0,0,0,514.72998046875,0,0
2020-11-09,0,0,0,470.5,0,0
2020-11-10,0,0,0,480.239990234375,0,0
2020-11-11,0,0,0,490.760009765625,0,0
2020-11-12,0,0,0,486.7699890136719,0,0
2020-11-13,0,0,0,482.8399963378906,0,0
2020-11-16,0,0,0,479.1000061035156,0,0
2020-11-17,0,0,0,480.6300048828125,0,0
2020-11-18,0,0,0,481.7900085449219,0,0
2020-11-19,0,0,0,484.6700134277344,0,0
2020-11-20,0,0,0,488.239990234375,0,0
2020-11-23,0,0,0,476.6199951171875,0,0
2020-11-24,0,0,0,482.8800048828125,0,0
2020-11-25,0,0,0,485.0,0,0
2020-11-27,0,0,0,491.3599853515625,0,0
2020-11-30,0,0,0,490.70001220703125,0,0
2020-12-01,0,0,0,504.5799865722656,0,0
2020-12-02,0,0,0,503.3800048828125,0,0
2020-12-03,0,0,0,497.5199890136719,0,0
2020-12-04,0,0,0,498.30999755859375,0,0
2020-12-07,0,0,0,515.780029296875,0,0
2020-12-08,0,0,0,512.6599731445312,0,0
2020-12-09,0,0,0,493.6000061035156,0,0
2020-12-10,0,0,0,501.0899963378906,0,0
2020-12-11,0,0,0,503.2200012207031,0,0
2020-12-14,0,0,0,522.4199829101562,0,0
2020-12-15,0,0,0,519.780029296875,0,0
2020-12-16,0,0,0,524.8300170898438,0,0
2020-12-17,0,0,0,532.9000244140625,0,0
2020-12-18,0,0,0,534.4500122070312,0,0
2020-12-21,0,0,0,528.9099731445312,0,0
2020-12-22,0,0,0,527.3300170898438,0,0
2020-12-23,0,0,0,514.47998046875,0,0
2020-12-24,0,0,0,513.969970703125,0,0
2020-12-28,0,0,0,519.1199951171875,0,0
2020-12-29,0,0,0,530.8699951171875,0,0
2020-12-30,0,0,0,524.5900268554688,0,0
2020-12-31,0,0,0,540.72998046875,0,0
2021-01-04,0,0,0,522.8599853515625,0,0
2021-01-05,0,0,0,520.7999877929688,0,0
2021-01-06,0,0,0,500.489990234375,0,0
2021-01-07,0,0,0,508.8900146484375,0,0
2021-01-08,0,0,0,510.3999938964844,0,0
2021-01-11,0,0,0,499.1000061035156,0,0
2021-01-12,0,0,0,494.25,0,0
2021-01-13,0,0,0,507.7900085449219,0,0
2021-01-14,0,0,0,500.8599853515625,0,0
2021-01-15,0,0,0,497.9800109863281,0,0
2021-01-19,0,0,0,501.7699890136719,0,0
2021-01-20,0,0,0,586.3400268554688,0,0
2021-01-21,0,0,0,579.8400268554688,0,0
2021-01-22,0,0,0,565.1699829101562,0,0
2021-01-25,0,0,0,556.780029296875,0,0
2021-01-26,0,0,0,561.9299926757812,0,0
2021-01-27,0,0,0,523.280029296875,0,0
2021-01-28,0,0,0,538.5999755859375,0,0
2021-01-29,0,0,0,532.3900146484375,0,0
2021-02-01,0,0,0,539.0399780273438,0,0
2021-02-02,0,0,0,548.1599731445312,0,0
2021-02-03,0,0,0,539.4500122070312,0,0
2021-02-04,0,0,0,552.1599731445312,0,0
2021-02-05,0,0,0,550.7899780273438,0,0
2021-02-08,0,0,0,547.9199829101562,0,0
2021-02-09,0,0,0,559.0700073242188,0,0
2021-02-10,0,0,0,563.5900268554688,0,0
2021-02-11,0,0,0,557.5900268554688,0,0
2021-02-12,0,0,0,556.52001953125,0,0
2021-02-16,0,0,0,557.280029296875,0,0
2021-02-17,0,0,0,551.3400268554688,0,0
2021-02-18,0,0,0,548.219970703125,0,0
2021-02-19,0,0,0,540.219970703125,0,0
2021-02-22,0,0,0,533.780029296875,0,0
2021-02-23,0,0,0,546.1500244140625,0,0
2021-02-24,0,0,0,553.4099731445312,0,0
2021-02-25,0,0,0,546.7000122070312,0,0
2021-02-26,0,0,0,538.8499755859375,0,0
2021-03-01,0,0,0,550.6400146484375,0,0
2021-03-02,0,0,0,547.8200073242188,0,0
2021-03-03,0,0,0,520.7000122070312,0,0
2021-03-04,0,0,0,511.2900085449219,0,0
2021-03-05,0,0,0,516.3900146484375,0,0
2021-03-08,0,0,0,493.3299865722656,0,0
2021-03-09,0,0,0,506.44000244140625,0,0
2021-03-10,0,0,0,504.5400085449219,0,0
2021-03-11,0,0,0,523.0599975585938,0,0
2021-03-12,0,0,0,518.02001953125,0,0
2021-03-15,0,0,0,520.25,0,0
2021-03-16,0,0,0,524.030029296875,0,0
2021-03-17,0,0,0,524.4400024414062,0,0
2021-03-18,0,0,0,504.7900085449219,0,0
2021-03-19,0,0,0,512.1799926757812,0,0
2021-03-22,0,0,0,523.1099853515625,0,0
2021-03-23,0,0,0,535.0900268554688,0,0
2021-03-24,0,0,0,520.8099975585938,0,0
2021-03-25,0,0,0,502.8599853515625,0,0
2021-03-26,0,0,0,508.04998779296875,0,0
2021-03-29,0,0,0,513.9500122070312,0,0
2021-03-30,0,0,0,513.3900146484375,0,0
2021-03-31,0,0,0,521.6599731445312,0,0
2021-04-01,0,0,0,539.4199829101562,0,0
2021-04-05,0,0,0,540.6699829101562,0,0
2021-04-06,0,0,0,544.530029296875,0,0
2021-04-07,0,0,0,546.989990234375,0,0
2021-04-08,0,0,0,554.5800170898438,0,0
2021-04-09,0,0,0,555.3099975585938,0,0
2021-04-12,0,0,0,552.780029296875,0,0
2021-04-13,0,0,0,553.72998046875,0,0
2021-04-14,0,0,0,540.02001953125,0,0
2021-04-15,0,0,0,549.219970703125,0,0
2021-04-16,0,0,0,546.5399780273438,0,0
2021-04-19,0,0,0,554.4400024414062,0,0
2021-04-20,0,0,0,549.5700073242188,0,0
2021-04-21,0,0,0,508.8999938964844,0,0
2021-04-22,0,0,0,508.7799987792969,0,0
2021-04-23,0,0,0,505.54998779296875,0,0
2021-04-26,0,0,0,510.29998779296875,0,0
2021-04-27,0,0,0,505.54998779296875,0,0
2021-04-28,0,0,0,506.5199890136719,0,0
2021-04-29,0,0,0,509.0,0,0
2021-04-30,0,0,0,513.469970703125,0,0
2021-05-03,0,0,0,509.1099853515625,0,0
2021-05-04,0,0,0,503.17999267578125,0,0
2021-05-05,0,0,0,496.0799865722656,0,0
2021-05-06,0,0,0,499.54998779296875,0,0
2021-05-07,0,0,0,503.8399963378906,0,0
2021-05-10,0,0,0,486.69000244140625,0,0
2021-05-11,0,0,0,495.0799865722656,0,0
2021-05-12,0,0,0,484.9800109863281,0,0
2021-05-13,0,0,0,486.6600036621094,0,0
2021-05-14,0,0,0,493.3699951171875,0,0
2021-05-17,0,0,0,488.94000244140625,0,0
2021-05-18,0,0,0,486.2799987792969,0,0
2021-05-19,0,0,0,487.70001220703125,0,0
2021-05-20,0,0,0,501.6700134277344,0,0
2021-05-21,0,0,0,497.8900146484375,0,0
2021-05-24,0,0,0,502.8999938964844,0,0
2021-05-25,0,0,0,501.3399963378906,0,0
2021-05-26,0,0,0,502.3599853515625,0,0
2021-05-27,0,0,0,503.8599853515625,0,0
2021-05-28,0,0,0,502.80999755859375,0,0
2021-06-01,0,0,0,499.0799865722656,0,0
2021-06-02,0,0,0,499.239990234375,0,0
2021-06-03,0,0,0,489.42999267578125,0,0
2021-06-04,0,0,0,494.739990234375,0,0
2021-06-07,0,0,0,494.6600036621094,0,0
2021-06-08,0,0,0,492.3900146484375,0,0
2021-06-09,0,0,0,485.80999755859375,0,0
2021-06-10,0,0,0,487.2699890136719,0,0
2021-06-11,0,0,0,488.7699890136719,0,0
2021-06-14,0,0,0,499.8900146484375,0,0
2021-06-15,0,0,0,491.8999938964844,0,0
2021-06-16,0,0,0,492.4100036621094,0,0
2021-06-17,0,0,0,498.3399963378906,0,0
2021-06-18,0,0,0,500.7699890136719,0,0
2021-06-21,0,0,0,497.0,0,0
2021-06-22,0,0,0,508.82000732421875,0,0
2021-06-23,0,0,0,512.739990234375,0,0
2021-06-24,0,0,0,518.0599975585938,0,0
2021-06-25,0,0,0,527.0700073242188,0,0
2021-06-28,0,0,0,533.030029296875,0,0
2021-06-29,0,0,0,533.5,0,0
2021-06-30,0,0,0,528.2100219726562,0,0
2021-07-01,0,0,0,533.5399780273438,0,0
2021-07-02,0,0,0,533.97998046875,0,0
2021-07-06,0,0,0,541.6400146484375,0,0
2021-07-07,0,0,0,535.9600219726562,0,0
2021-07-08,0,0,0,530.760009765625,0,0
2021-07-09,0,0,0,535.97998046875,0,0
2021-07-12,0,0,0,537.3099975585938,0,0
2021-07-13,0,0,0,540.6799926757812,0,0
2021-07-14,0,0,0,547.9500122070312,0,0
2021-07-15,0,0,0,542.9500122070312,0,0
2021-07-16,0,0,0,530.3099975585938,0,0
2021-07-19,0,0,0,532.280029296875,0,0
2021-07-20,0,0,0,531.0499877929688,0,0
2021-07-21,0,0,0,513.6300048828125,0,0
2021-07-22,0,0,0,511.7699890136719,0,0
2021-07-23,0,0,0,515.4099731445312,0,0
2021-07-26,0,0,0,516.489990234375,0,0
2021-07-27,0,0,0,518.9099731445312,0,0
2021-07-28,0,0,0,519.2999877929688,0,0
2021-07-29,0,0,0,514.25,0,0
2021-07-30,0,0,0,517.5700073242188,0,0
2021-08-02,0,0,0,515.1500244140625,0,0
2021-08-03,0,0,0,510.82000732421875,0,0
2021-08-04,0,0,0,517.3499755859375,0,0
2021-08-05,0,0,0,524.8900146484375,0,0
2021-08-06,0,0,0,520.5499877929688,0,0
2021-08-09,0,0,0,519.969970703125,0,0
2021-08-10,0,0,0,515.8400268554688,0,0
2021-08-11,0,0,0,512.4000244140625,0,0
2021-08-12,0,0,0,510.7200012207031,0,0
2021-08-13,0,0,0,515.9199829101562,0,0
2021-08-16,0,0,0,517.9199829101562,0,0
2021-08-17,0,0,0,518.9099731445312,0,0
2021-08-18,0,0,0,521.8699951171875,0,0
2021-08-19,0,0,0,543.7100219726562,0,0
2021-08-20,0,0,0,546.8800048828125,0,0
2021-08-23,0,0,0,553.3300170898438,0,0
2021-08-24,0,0,0,553.4099731445312,0,0
2021-08-25,0,0,0,547.5800170898438,0,0
2021-08-26,0,0,0,550.1199951171875,0,0
2021-08-27,0,0,0,558.9199829101562,0,0
2021-08-30,0,0,0,566.1799926757812,0,0
2021-08-31,0,0,0,569.1900024414062,0,0
2021-09-01,0,0,0,582.0700073242188,0,0
2021-09-02,0,0,0,588.5499877929688,0,0
2021-09-03,0,0,0,590.530029296875,0,0
2021-09-07,0,0,0,606.7100219726562,0,0
2021-09-08,0,0,0,606.0499877929688,0,0
2021-09-09,0,0,0,597.5399780273438,0,0
2021-09-10,0,0,0,598.719970703125,0,0
2021-09-13,0,0,0,589.2899780273438,0,0
2021-09-14,0,0,0,577.760009765625,0,0
2021-09-15,0,0,0,582.8699951171875,0,0
2021-09-16,0,0,0,586.5,0,0
2021-09-17,0,0,0,589.3499755859375,0,0
2021-09-20,0,0,0,575.4299926757812,0,0
2021-09-21,0,0,0,573.1400146484375,0,0
2021-09-22,0,0,0,590.6500244140625,0,0
2021-09-23,0,0,0,593.260009765625,0,0
2021-09-24,0,0,0,592.3900146484375,0,0
2021-09-27,0,0,0,592.6400146484375,0,0
2021-09-28,0,0,0,583.8499755859375,0,0
2021-09-29,0,0,0,599.0599975585938,0,0
2021-09-30,0,0,0,610.3400268554688,0,0
2021-10-01,0,0,0,613.1500244140625,0,0
2021-10-04,0,0,0,603.3499755859375,0,0
2021-10-05,0,0,0,634.8099975585938,0,0
2021-10-06,0,0,0,639.0999755859375,0,0
2021-10-07,0,0,0,631.8499755859375,0,0
2021-10-08,0,0,0,632.6599731445312,0,0
2021-10-11,0,0,0,627.0399780273438,0,0
2021-10-12,0,0,0,624.9400024414062,0,0
2021-10-13,0,0,0,629.760009765625,0,0
2021-10-14,0,0,0,633.7999877929688,0,0
2021-10-15,0,0,0,628.2899780273438,0,0
2021-10-18,0,0,0,637.969970703125,0,0
2021-10-19,0,0,0,639.0,0,0
2021-10-20,0,0,0,625.1400146484375,0,0
2021-10-21,0,0,0,653.1599731445312,0,0
2021-10-22,0,0,0,664.780029296875,0,0
2021-10-25,0,0,0,671.6599731445312,0,0
2021-10-26,0,0,0,668.52001953125,0,0
2021-10-27,0,0,0,662.9199829101562,0,0
2021-10-28,0,0,0,674.0499877929688,0,0
2021-10-29,0,0,0,690.3099975585938,0,0
2021-11-01,0,0,0,681.1699829101562,0,0
2021-11-02,0,0,0,677.719970703125,0,0
2021-11-03,0,0,0,688.2899780273438,0,0
2021-11-04,0,0,0,668.4000244140625,0,0
2021-11-05,0,0,0,645.719970703125,0,0
2021-11-08,0,0,0,651.4500122070312,0,0
2021-11-09,0,0,0,655.989990234375,0,0
2021-11-10,0,0,0,646.9099731445312,0,0
2021-11-11,0,0,0,657.5800170898438,0,0
2021-11-12,0,0,0,682.6099853515625,0,0
2021-11-15,0,0,0,679.3300170898438,0,0
2021-11-16,0,0,0,687.4000244140625,0,0
2021-11-17,0,0,0,691.6900024414062,0,0
2021-11-18,0,0,0,682.02001953125,0,0
2021-11-19,0,0,0,678.7999877929688,0,0
2021-11-22,0,0,0,659.2000122070312,0,0
2021-11-23,0,0,0,654.0599975585938,0,0
2021-11-24,0,0,0,658.2899780273438,0,0
2021-11-26,0,0,0,665.6400146484375,0,0
2021-11-29,0,0,0,663.8400268554688,0,0
2021-11-30,0,0,0,641.9000244140625,0,0
2021-12-01,0,0,0,617.77001953125,0,0
2021-12-02,0,0,0,616.469970703125,0,0
2021-12-03,0,0,0,602.1300048828125,0,0
2021-12-06,0,0,0,612.6900024414062,0,0
2021-12-07,0,0,0,625.5800170898438,0,0
2021-12-08,0,0,0,628.0800170898438,0,0
2021-12-09,0,0,0,611.0,0,0
2021-12-10,0,0,0,611.6599731445312,0,0
2021-12-13,0,0,0,604.5599975585938,0,0
2021-12-14,0,0,0,597.989990234375,0,0
2021-12-15,0,0,0,605.0399780273438,0,0
2021-12-16,0,0,0,591.0599975585938,0,0
2021-12-17,0,0,0,586.72998046875,0,0
2021-12-20,0,0,0,593.739990234375,0,0
2021-12-21,0,0,0,604.9199829101562,0,0
2021-12-22,0,0,0,614.239990234375,0,0
2021-12-23,0,0,0,614.0900268554688,0,0
2021-12-27,0,0,0,613.1199951171875,0,0
2021-12-28,0,0,0,610.7100219726562,0,0
2021-12-29,0,0,0,610.5399780273438,0,0
2021-12-30,0,0,0,612.0900268554688,0,0
2021-12-31,0,0,0,602.4400024414062,0,0
2022-01-03,0,0,0,597.3699951171875,0,0
2022-01-04,0,0,0,591.1500244140625,0,0
2022-01-05,0,0,0,567.52001953125,0,0
2022-01-06,0,0,0,553.2899780273438,0,0
2022-01-07,0,0,0,541.0599975585938,0,0
2022-01-10,0,0,0,539.8499755859375,0,0
2022-01-11,0,0,0,540.8400268554688,0,0
2022-01-12,0,0,0,537.219970703125,0,0
2022-01-13,0,0,0,519.2000122070312,0,0
2022-01-14,0,0,0,525.6900024414062,0,0
2022-01-18,0,0,0,510.79998779296875,0,0
2022-01-19,0,0,0,515.8599853515625,0,0
2022-01-20,0,0,0,508.25,0,0
2022-01-21,0,0,0,397.5,0,0
2022-01-24,0,0,0,387.1499938964844,0,0
2022-01-25,0,0,0,366.4200134277344,0,0
2022-01-26,0,0,0,359.70001220703125,0,0
2022-01-27,0,0,0,386.70001220703125,0,0
2022-01-28,0,0,0,384.3599853515625,0,0
2022-01-31,0,0,0,427.1400146484375,0,0
2022-02-01,0,0,0,457.1300048828125,0,0
2022-02-02,0,0,0,429.4800109863281,0,0
2022-02-03,0,0,0,405.6000061035156,0,0
2022-02-04,0,0,0,410.1700134277344,0,0
2022-02-07,0,0,0,402.1000061035156,0,0
2022-02-08,0,0,0,403.5299987792969,0,0
2022-02-09,0,0,0,412.8900146484375,0,0
2022-02-10,0,0,0,406.2699890136719,0,0
2022-02-11,0,0,0,391.30999755859375,0,0
2022-02-14,0,0,0,396.57000732421875,0,0
2022-02-15,0,0,0,407.4599914550781,0,0
2022-02-16,0,0,0,398.0799865722656,0,0
2022-02-17,0,0,0,386.6700134277344,0,0
2022-02-18,0,0,0,391.2900085449219,0,0
2022-02-22,0,0,0,377.3800048828125,0,0
2022-02-23,0,0,0,367.4599914550781,0,0
2022-02-24,0,0,0,390.0299987792969,0,0
2022-02-25,0,0,0,390.79998779296875,0,0
2022-02-28,0,0,0,394.5199890136719,0,0
2022-03-01,0,0,0,386.239990234375,0,0
2022-03-02,0,0,0,380.0299987792969,0,0
2022-03-03,0,0,0,368.07000732421875,0,0
2022-03-04,0,0,0,361.7300109863281,0,0
2022-03-07,0,0,0,350.260009765625,0,0
2022-03-08,0,0,0,341.760009765625,0,0
2022-03-09,0,0,0,358.7900085449219,0,0
2022-03-10,0,0,0,356.7699890136719,0,0
2022-03-11,0,0,0,340.32000732421875,0,0
2022-03-14,0,0,0,331.010009765625,0,0
2022-03-15,0,0,0,343.75,0,0
2022-03-16,0,0,0,357.5299987792969,0,0
2022-03-17,0,0,0,371.3999938964844,0,0
2022-03-18,0,0,0,380.6000061035156,0,0
2022-03-21,0,0,0,374.5899963378906,0,0
2022-03-22,0,0,0,382.9200134277344,0,0
2022-03-23,0,0,0,374.489990234375,0,0
2022-03-24,0,0,0,375.7099914550781,0,0
2022-03-25,0,0,0,373.8500061035156,0,0
2022-03-28,0,0,0,378.510009765625,0,0
2022-03-29,0,0,0,391.82000732421875,0,0
2022-03-30,0,0,0,381.4700012207031,0,0
2022-03-31,0,0,0,374.5899963378906,0,0
2022-04-01,0,0,0,373.4700012207031,0,0
2022-04-04,0,0,0,391.5,0,0
2022-04-05,0,0,0,380.1499938964844,0,0
2022-04-06,0,0,0,368.3500061035156,0,0
2022-04-07,0,0,0,362.1499938964844,0,0
2022-04-08,0,0,0,355.8800048828125,0,0
2022-04-11,0,0,0,348.0,0,0
2022-04-12,0,0,0,344.1000061035156,0,0
2022-04-13,0,0,0,350.42999267578125,0,0
2022-04-14,0,0,0,341.1300048828125,0,0
2022-04-18,0,0,0,337.8599853515625,0,0
2022-04-19,0,0,0,348.6099853515625,0,0
2022-04-20,0,0,0,226.19000244140625,0,0
2022-04-21,0,0,0,218.22000122070312,0,0
2022-04-22,0,0,0,215.52000427246094,0,0
2022-04-25,0,0,0,209.91000366210938,0,0
2022-04-26,0,0,0,198.39999389648438,0,0
2022-04-27,0,0,0,188.5399932861328,0,0
2022-04-28,0,0,0,199.52000427246094,0,0
2022-04-29,0,0,0,190.36000061035156,0,0
2022-05-02,0,0,0,199.4600067138672,0,0
2022-05-03,0,0,0,199.8699951171875,0,0
2022-05-04,0,0,0,204.00999450683594,0,0
2022-05-05,0,0,0,188.32000732421875,0,0
2022-05-06,0,0,0,180.97000122070312,0,0
2022-05-09,0,0,0,173.10000610351562,0,0
2022-05-10,0,0,0,177.66000366210938,0,0
2022-05-11,0,0,0,166.3699951171875,0,0
2022-05-12,0,0,0,174.30999755859375,0,0
2022-05-13,0,0,0,187.63999938964844,0,0
2022-05-16,0,0,0,186.50999450683594,0,0
2022-05-17,0,0,0,190.55999755859375,0,0
2022-05-18,0,0,0,177.19000244140625,0,0
2022-05-19,0,0,0,183.47999572753906,0,0
2022-05-20,0,0,0,186.35000610351562,0,0
2022-05-23,0,0,0,187.44000244140625,0,0
2022-05-24,0,0,0,180.33999633789062,0,0
2022-05-25,0,0,0,187.8300018310547,0,0
2022-05-26,0,0,0,191.39999389648438,0,0
2022-05-27,0,0,0,195.19000244140625,0,0
2022-05-31,0,0,0,197.44000244140625,0,0
2022-06-01,0,0,0,192.91000366210938,0,0
2022-06-02,0,0,0,205.08999633789062,0,0
2022-06-03,0,0,0,198.97999572753906,0,0
2022-06-06,0,0,0,197.13999938964844,0,0
2022-06-07,0,0,0,198.61000061035156,0,0
2022-06-08,0,0,0,202.8300018310547,0,0
2022-06-09,0,0,0,192.77000427246094,0,0
2022-06-10,0,0,0,182.94000244140625,0,0
2022-06-13,0,0,0,169.69000244140625,0,0
2022-06-14,0,0,0,167.5399932861328,0,0
2022-06-15,0,0,0,180.11000061035156,0,0
2022-06-16,0,0,0,173.35000610351562,0,0
2022-06-17,0,0,0,175.50999450683594,0,0
2022-06-21,0,0,0,170.91000366210938,0,0
2022-06-22,0,0,0,178.88999938964844,0,0
2022-06-23,0,0,0,181.7100067138672,0,0
2022-06-24,0,0,0,190.85000610351562,0,0
2022-06-27,0,0,0,189.13999938964844,0,0
2022-06-28,0,0,0,179.60000610351562,0,0
2022-06-29,0,0,0,178.36000061035156,0,0
2022-06-30,0,0,0,174.8699951171875,0,0
2022-07-01,0,0,0,179.9499969482422,0,0
2022-07-05,0,0,0,185.8800048828125,0,0
2022-07-06,0,0,0,184.05999755859375,0,0
2022-07-07,0,0,0,189.27000427246094,0,0
2022-07-08,0,0,0,186.97999572753906,0,0
2022-07-11,0,0,0,177.33999633789062,0,0
2022-07-12,0,0,0,174.4499969482422,0,0
2022-07-13,0,0,0,176.55999755859375,0,0
2022-07-14,0,0,0,174.77999877929688,0,0
2022-07-15,0,0,0,189.11000061035156,0,0
2022-07-18,0,0,0,190.9199981689453,0,0
2022-07-19,0,0,0,201.6300048828125,0,0
2022-07-20,0,0,0,216.44000244140625,0,0
2022-07-21,0,0,0,223.8800048828125,0,0
2022-07-22,0,0,0,220.44000244140625,0,0
2022-07-25,0,0,0,218.50999450683594,0,0
2022-07-26,0,0,0,213.91000366210938,0,0
2022-07-27,0,0,0,226.75,0,0
2022-07-28,0,0,0,226.02000427246094,0,0
2022-07-29,0,0,0,224.89999389648438,0,0
2022-08-01,0,0,0,226.2100067138672,0,0
2022-08-02,0,0,0,221.4199981689453,0,0
2022-08-03,0,0,0,226.72999572753906,0,0
2022-08-04,0,0,0,229.91000366210938,0,0
2022-08-05,0,0,0,226.77999877929688,0,0
2022-08-08,0,0,0,233.49000549316406,0,0
2022-08-09,0,0,0,229.94000244140625,0,0
2022-08-10,0,0,0,244.11000061035156,0,0
2022-08-11,0,0,0,242.6999969482422,0,0
2022-08-12,0,0,0,249.3000030517578,0,0
2022-08-15,0,0,0,249.11000061035156,0,0
2022-08-16,0,0,0,245.69000244140625,0,0
2022-08-17,0,0,0,241.14999389648438,0,0
2022-08-18,0,0,0,245.1699981689453,0,0
2022-08-19,0,0,0,241.16000366210938,0,0
2022-08-22,0,0,0,226.5399932861328,0,0
2022-08-23,0,0,0,224.5500030517578,0,0
2022-08-24,0,0,0,229.61000061035156,0,0
2022-08-25,0,0,0,233.97999572753906,0,0
2022-08-26,0,0,0,223.27999877929688,0,0
2022-08-29,0,0,0,224.57000732421875,0,0
2022-08-30,0,0,0,220.64999389648438,0,0
2022-08-31,0,0,0,223.55999755859375,0,0
2022-09-01,0,0,0,230.0399932861328,0,0
2022-09-02,0,0,0,226.11000061035156,0,0
2022-09-06,0,0,0,218.38999938964844,0,0
2022-09-07,0,0,0,228.9600067138672,0,0
2022-09-08,0,0,0,227.44000244140625,0,0
2022-09-09,0,0,0,233.57000732421875,0,0
2022-09-12,0,0,0,236.52999877929688,0,0
2022-09-13,0,0,0,218.1300048828125,0,0
2022-09-14,0,0,0,224.1199951171875,0,0
2022-09-15,0,0,0,235.3800048828125,0,0
2022-09-16,0,0,0,240.1300048828125,0,0
2022-09-19,0,0,0,243.6300048828125,0,0
2022-09-20,0,0,0,242.85000610351562,0,0
2022-09-21,0,0,0,236.8699951171875,0,0
2022-09-22,0,0,0,237.0500030517578,0,0
2022-09-23,0,0,0,226.41000366210938,0,0
2022-09-26,0,0,0,224.07000732421875,0,0
2022-09-27,0,0,0,224.36000061035156,0,0
2022-09-28,0,0,0,245.1999969482422,0,0
2022-09-29,0,0,0,239.7100067138672,0,0
2022-09-30,0,0,0,235.44000244140625,0,0
2022-10-03,0,0,0,239.0399932861328,0,0
2022-10-04,0,0,0,240.74000549316406,0,0
2022-10-05,0,0,0,236.72999572753906,0,0
2022-10-06,0,0,0,240.02000427246094,0,0
2022-10-07,0,0,0,224.75,0,0
2022-10-10,0,0,0,229.97999572753906,0,0
2022-10-11,0,0,0,214.2899932861328,0,0
2022-10-12,0,0,0,220.8699951171875,0,0
2022-10-13,0,0,0,232.50999450683594,0,0
2022-10-14,0,0,0,230.0,0,0
2022-10-17,0,0,0,245.10000610351562,0,0
2022-10-18,0,0,0,240.86000061035156,0,0
2022-10-19,0,0,0,272.3800048828125,0,0
2022-10-20,0,0,0,268.1600036621094,0,0
2022-10-21,0,0,0,289.57000732421875,0,0
2022-10-24,0,0,0,282.45001220703125,0,0
2022-10-25,0,0,0,291.0199890136719,0,0
2022-10-26,0,0,0,298.6199951171875,0,0
2022-10-27,0,0,0,296.94000244140625,0,0
2022-10-28,0,0,0,295.7200012207031,0,0
2022-10-31,0,0,0,291.8800048828125,0,0
2022-11-01,0,0,0,286.75,0,0
2022-11-02,0,0,0,273.0,0,0
2022-11-03,0,0,0,269.05999755859375,0,0
2022-11-04,0,0,0,260.7900085449219,0,0
2022-11-07,0,0,0,258.6000061035156,0,0
2022-11-08,0,0,0,263.4599914550781,0,0
2022-11-09,0,0,0,254.66000366210938,0,0
2022-11-10,0,0,0,274.9700012207031,0,0
2022-11-11,0,0,0,290.1300048828125,0,0
2022-11-14,0,0,0,299.2699890136719,0,0
2022-11-15,0,0,0,310.20001220703125,0,0
2022-11-16,0,0,0,306.0199890136719,0,0
2022-11-17,0,0,0,295.2799987792969,0,0
2022-11-18,0,0,0,287.9800109863281,0,0
2022-11-21,0,0,0,285.04998779296875,0,0
2022-11-22,0,0,0,286.69000244140625,0,0
2022-11-23,0,0,0,291.5,0,0
2022-11-25,0,0,0,285.5400085449219,0,0
2022-11-28,0,0,0,281.1700134277344,0,0
2022-11-29,0,0,0,280.9599914550781,0,0
2022-11-30,0,0,0,305.5299987792969,0,0
2022-12-01,0,0,0,316.95001220703125,0,0
2022-12-02,0,0,0,320.4100036621094,0,0
2022-12-05,0,0,0,312.5899963378906,0,0
2022-12-06,0,0,0,305.55999755859375,0,0
2022-12-07,0,0,0,308.4200134277344,0,0
2022-12-08,0,0,0,310.260009765625,0,0
2022-12-09,0,0,0,320.010009765625,0,0
2022-12-12,0,0,0,315.17999267578125,0,0
2022-12-13,0,0,0,320.3399963378906,0,0
2022-12-14,0,0,0,317.8299865722656,0,0
2022-12-15,0,0,0,290.4100036621094,0,0
2022-12-16,0,0,0,290.7099914550781,0,0
2022-12-19,0,0,0,288.29998779296875,0,0
2022-12-20,0,0,0,288.19000244140625,0,0
2022-12-21,0,0,0,297.9599914550781,0,0
2022-12-22,0,0,0,297.75,0,0
2022-12-23,0,0,0,294.9599914550781,0,0
2022-12-27,0,0,0,284.1700134277344,0,0
2022-12-28,0,0,0,276.8800048828125,0,0
2022-12-29,0,0,0,291.1199951171875,0,0
2022-12-30,0,0,0,294.8800048828125,0,0
2023-01-03,0,0,0,294.95001220703125,0,0
2023-01-04,0,0,0,309.4100036621094,0,0
2023-01-05,0,0,0,309.70001220703125,0,0
2023-01-06,0,0,0,315.54998779296875,0,0
2023-01-09,0,0,0,315.1700134277344,0,0
2023-01-10,0,0,0,327.5400085449219,0,0
2023-01-11,0,0,0,327.260009765625,0,0
2023-01-12,0,0,0,330.1300048828125,0,0
2023-01-13,0,0,0,332.82000732421875,0,0
2023-01-17,0,0,0,326.2200012207031,0,0
2023-01-18,0,0,0,326.3299865722656,0,0
2023-01-19,0,0,0,315.7799987792969,0,0
2023-01-20,0,0,0,342.5,0,0
2023-01-23,0,0,0,357.4200134277344,0,0
2023-01-24,0,0,0,363.8299865722656,0,0
2023-01-25,0,0,0,367.9599914550781,0,0
2023-01-26,0,0,0,364.8699951171875,0,0
2023-01-27,0,0,0,360.7699890136719,0,0
2023-01-30,0,0,0,353.1099853515625,0,0
2023-01-31,0,0,0,353.8599853515625,0,0
2023-02-01,0,0,0,361.989990234375,0,0
2023-02-02,0,0,0,366.8900146484375,0,0
2023-02-03,0,0,0,365.8999938964844,0,0
2023-02-06,0,0,0,361.4800109863281,0,0
2023-02-07,0,0,0,362.95001220703125,0,0
2023-02-08,0,0,0,366.8299865722656,0,0
2023-02-09,0,0,0,362.5,0,0
2023-02-10,0,0,0,347.3599853515625,0,0
2023-02-13,0,0,0,358.57000732421875,0,0
2023-02-14,0,0,0,359.9599914550781,0,0
2023-02-15,0,0,0,361.4200134277344,0,0
2023-02-16,0,0,0,350.7099914550781,0,0
2023-02-17,0,0,0,347.9599914550781,0,0
2023-02-21,0,0,0,337.5,0,0
2023-02-22,0,0,0,334.8800048828125,0,0
2023-02-23,0,0,0,323.6499938964844,0,0
2023-02-24,0,0,0,317.1499938964844,0,0
2023-02-27,0,0,0,323.0299987792969,0,0
2023-02-28,0,0,0,322.1300048828125,0,0
2023-03-01,0,0,0,313.4800109863281,0,0
2023-03-02,0,0,0,311.8800048828125,0,0
2023-03-03,0,0,0,315.17999267578125,0,0
2023-03-06,0,0,0,312.0299987792969,0,0
2023-03-07,0,0,0,308.4700012207031,0,0
2023-03-08,0,0,0,311.7900085449219,0,0
2023-03-09,0,0,0,297.7799987792969,0,0
2023-03-10,0,0,0,292.760009765625,0,0
2023-03-13,0,0,0,293.510009765625,0,0
2023-03-14,0,0,0,294.94000244140625,0,0
2023-03-15,0,0,0,303.7900085449219,0,0
2023-03-16,0,0,0,310.05999755859375,0,0
2023-03-17,0,0,0,303.5,0,0
2023-03-20,0,0,0,305.1300048828125,0,0
2023-03-21,0,0,0,305.7900085449219,0,0
2023-03-22,0,0,0,293.8999938964844,0,0
2023-03-23,0,0,0,320.3699951171875,0,0
2023-03-24,0,0,0,328.3900146484375,0,0
2023-03-27,0,0,0,327.6600036621094,0,0
2023-03-28,0,0,0,323.5199890136719,0,0
2023-03-29,0,0,0,332.0299987792969,0,0
2023-03-30,0,0,0,338.42999267578125,0,0
2023-03-31,0,0,0,345.4800109863281,0,0
2023-04-03,0,0,0,348.2799987792969,0,0
2023-04-04,0,0,0,346.75,0,0
2023-04-05,0,0,0,342.3500061035156,0,0
2023-04-06,0,0,0,339.3299865722656,0,0
2023-04-10,0,0,0,338.989990234375,0,0
2023-04-11,0,0,0,338.2099914550781,0,0
2023-04-12,0,0,0,331.0299987792969,0,0
2023-04-13,0,0,0,346.19000244140625,0,0
2023-04-14,0,0,0,338.6300048828125,0,0
2023-04-17,0,0,0,332.7200012207031,0,0
2023-04-18,0,0,0,333.70001220703125,0,0
2023-04-19,0,0,0,323.1199951171875,0,0
2023-04-20,0,0,0,325.3500061035156,0,0
2023-04-21,0,0,0,327.9800109863281,0,0
2023-04-24,0,0,0,329.0199890136719,0,0
2023-04-25,0,0,0,322.54998779296875,0,0
2023-04-26,0,0,0,321.1499938964844,0,0
2023-04-27,0,0,0,325.8500061035156,0,0
2023-04-28,0,0,0,329.92999267578125,0,0
2023-05-01,0,0,0,324.1199951171875,0,0
